"id","status","species","common_name","scientific_name","year_nominated","circumference","height","spread","total_points","state","location"
"2648","Champion","ACACIA","Blackbrush","Acacia rigidula","1999","21","28","39","59","AZ","Glendale"
"5060","Champion","ACACIA","Koa","Acacia koa","2012","343","115","93","481","HI","Kona Hema Preserve"
"5731","Champion","ACACIA","Whitethorn","Vachellia constricta","2016","13","16.5","18.5","34","AZ","Marana"
"6326","Champion","AILANTHUS","Tree-of-heaven","Ailanthus altissima","2018","194","58","66","269","PA","Philadelphia"
"2651","Champion","ALASKA-CEDAR","","Cupressus nootkatensis","1979","454","124","28","585","WA","Olympic NP"
"2652","Champion","ALDER","Arizona","Alnus oblongifolia","1982","199","128","58","342","NM","Cibola NF"
"5000","Champion","ALDER","European","Alnus glutinosa","2011","106","95","40","211","IA","Davenport"
"5792","Champion","ALDER","Hazel","Alnus serrulata","2016","29","44","47","85","VA","Northampton County"
"2656","Champion","ALDER","Mountain","Alnus incana ssp. tenuifolia","1995","94","71","39","175","WA","Umatilla NF"
"5758","Champion","ALDER","Red","Alnus rubra","2016","165","98","68","280","OR","Benton County"
"5768","Champion","ALDER","Sitka","Alnus viridis ssp. sinuata","2016","15","26","6","43","MT","Flathead"
"5326","Champion","ALDER","Speckled","Alnus incana ssp. rugosa","2013","40","53","28","100","NY","Livingston County"
"2660","Champion","ALDER","White","Alnus rhombifolia","1986","151","91","31","250","OR","Polk"
"2661","Champion","ALLTHORN","","Koeberlinia spinosa","1993","27","23","19","55","AZ","Boyce Thompson Arboretum"
"4536","Champion","AMERICAN-HAZEL","Hazelnut","Corylus americana","2009","40","35","35","84","MI","Washtenaw"
"5279","Champion","ANACAHUITA","","Cordia boissieri","2013","90","26","38.5","126","TX","Edinburg"
"3968","Co-Champion","ANACUA","","Ehretia anacua","2007","148","40","65.5","204","TX","DeWitt County"
"3967","Co-Champion","ANACUA","","Ehretia anacua","2007","144","51","46.5","207","TX","Mission"
"5222","Co-Champion","ANACUA","","Ehretia anacua","2013","147","49","43.5","207","TX","Kenedy"
"5424","Champion","ANISE-TREE","Yellow","Illicium parviflorum","2014","9","20","4","30","FL","Marion"
"5645","Champion","APPLE","Common","Malus sylvestris","2015","197","27","29.5","231","ME","West Falmouth"
"6170","Champion","APPLE","Oregon crab","Malus fusca","","90","48","73.5","156","WA","Seattle"
"4784","Champion","APPLE","Prairie crab","Malus ioensis","2011","39","23","30","70","MO","Callaway"
"5852","Champion","APPLE","Southern crab","Malus angustifolia","2017","112","45","40","167","MD","Rockville"
"6337","Champion","APPLE","Sweet crab","Malus coronaria","2018","56","34","40","100","VA","Albermarle"
"6206","Champion","ARBORVITAE","Oriental","Platycladus orientalis","2018","151","41","36","201","OK","Grant County"
"6091","Champion","ASH","Black","Fraxinus nigra","2017","137","85","75","241","NJ",""
"4646","Champion","ASH","Blue","Fraxinus quadrangulata","2009","208","82","72.5","308","KY","Jefferson"
"5258","Champion","ASH","Carolina","Fraxinus caroliniana","2013","136","116","45.5","263","FL","Lake"
"2681","Champion","ASH","Fragrant","Fraxinus cuspidata","2004","46","40","37","95","AZ","Coconino NF"
"2682","Champion","ASH","Goodding","Fraxinus gooddingii","1995","25","25","20","55","AZ","Coronado NF"
"6196","Co-Champion","ASH","Green","Fraxinus pennsylvanica","2018","226","96","99.5","347","MD","Perryville"
"5795","Co-Champion","ASH","Green","Fraxinus pennsylvanica","2016","237","97","83","355","VA","Alexandria City"
"4602","Champion","ASH","Gregg","Fraxinus greggii","2009","14","20.5","11","37","TX","Big Bend NP"
"2685","Champion","ASH","Lowell","Fraxinus anomala var. lowellii","2003","58","33","21","96","AZ","Prescott NF"
"5042","Champion","ASH","Oregon","Fraxinus latifolia","2007","285","81","74","385","OR","Multnomah"
"4807","Champion","ASH","Singleleaf","Fraxinus anomala var. anomala","2011","54","35","28","96","CO","Mesa"
"5333","Champion","ASH","Texas","Fraxinus texensis","2013","100","54","52","167","NY","Monroe County"
"4378","Co-Champion","ASH","White","Fraxinus americana","2009","244","117.5","99","386","MD","Howard County"
"4660","Co-Champion","ASH","White","Fraxinus americana","1983","283","84","84","388","NY","Rockland"
"5032","Co-Champion","ASH","White","Fraxinus americana","2012","255","115","111","398","NJ","Morris"
"4854","Co-Champion","ASH","White","Fraxinus americana","2011","252","118","128","402","NJ","Morris"
"6260","Champion","ASPEN","Bigtooth","Populus grandidentata","2018","116","111","54","241","MN","Sandstone, Minnesota"
"4115","Champion","ASPEN","Quaking","Populus tremuloides","2007","152","130","36","291","AZ","Coronado NF"
"6032","Champion","BACCHARIS","Eastern","Baccharis halimifolia","2016","36","20","20","61","VA","City of Chesapeake"
"5898","Champion","BALDCYPRESS","Common","Taxodium distichum","2017","626","91","87","739","LA","Cat Island National Wildlife Refuge"
"2701","Champion","BALDCYPRESS","Montezuma","Taxodium mucronatum","1995","336","70","90","429","TX","San Benito"
"5136","Champion","BASSWOOD","American","Tilia americana","2012","276","102","85.5","399","KY","Lexington Cemetery"
"4365","Champion","BASSWOOD","Carolina","Tilia americana var. caroliniana","2009","122","120","75","261","FL","Wakulla"
"6347","Champion","BASSWOOD","White","Tilia americana var. heterophylla","2018","186","90","81","296","VA","Radford City"
"6053","Champion","BAY","Swamp","Persea palustris","2017","114","50","54","178","VA","City of Virginia Beach"
"5638","Co-Champion","BAYBERRY","Evergreen","Morella caroliniensis","2015","6","14","14","24","VA","City of Newport News"
"5637","Co-Champion","BAYBERRY","Evergreen","Morella caroliniensis","2015","7","14","10","24","VA","City of Newport News"
"5783","Co-Champion","BAYBERRY","Northern","Morella pensylvanica","2016","30","16.5","15","50","CT","Westport"
"4405","Co-Champion","BAYBERRY","Northern","Morella pensylvanica","2009","25","21","20","51","NY","Nassau"
"3789","Champion","BAYBERRY","Odorless","Morella inodora","2007","15","27","16","46","AL","Baldwin"
"4667","Champion","BAYBERRY","Pacific","Morella californica","2010","97","24.17","34.17","130","OR","Coos"
"5515","Champion","BAYBERRY","Southern","Morella cerifera","2014","53","26","24","85","VA","City of Chesapeake"
"4746","Champion","BEECH","American","Fagus grandifolia","2010","293","92","42","396","MA","Bristol"
"5303","Champion","BIRCH","Alaska paper","Betula neoalaskana","2013","116","80","42","207","AK","Private Property"
"6150","Co-Champion","BIRCH","European white","Betula pendula","2018","140","62","64.5","218","ID","Cambridge, Washington County"
"5750","Co-Champion","BIRCH","European white","Betula pendula","2014","124","78","68","219","OR","Clackamas County"
"4160","Champion","BIRCH","Gray","Betula populifolia","2007","95","48","59","158","NJ","Middle Township"
"4945","Champion","BIRCH","Kenai","Betula papyrifera var. kenaica","2011","76","37","43","124","AK","Kenai"
"4982","Champion","BIRCH","Mountain paper","Betula papyrifera var. cordifolia","2011","63","48","32","119","NH","Coos"
"2715","Champion","BIRCH","Mountain paper","Betula papyrifera var. cordifolia","1973","108","90","88","220","MI","Leelanau"
"4283","Champion","BIRCH","Paper","Betula papyrifera","2008","199","113","85","333","WA","Skagit"
"5910","Champion","BIRCH","River","Betula nigra","2017","219","145","102.5","390","KY","Buckhorn Lake State Park"
"6331","Co-Champion","BIRCH","Sweet","Betula lenta","2018","140","91","64","247","VA","Giles"
"6019","Co-Champion","BIRCH","Sweet","Betula lenta","1988","170","62","71.17","250","NH","New Boston"
"5310","Champion","BIRCH","Virginia roundleaf","Betula uber","1978","35","54","31","97","VA","Smyth County"
"4633","Champion","BIRCH","Water","Betula occidentalis","2009","108","38","45","157","OR","Wallowa"
"5973","Champion","BIRCH","Yellow","Betula alleghaniensis","2017","242","95","80","357","ME","Wayne"
"4671","Champion","BITTERBUSH","","Picramnia pentandra","2010","13","15","16","32","FL","Miami-Dade"
"2726","Champion","BLACK-MANGROVE","Black mangrove","Avicennia germinans","2003","86","52","34","147","FL","Monroe"
"2730","Champion","BLACKBEAD","Florida keys","Pithecellobium keyense","1995","19","16","21","40","FL","Monroe"
"2728","Champion","BLACKBEAD","Texas ebony","Ebenopsis ebano","1991","190","46","75","255","TX","McAllen"
"4605","Champion","BLACKHAW","Rusty","Viburnum rufidulum","2009","69","27","41","106","TX","Cherokee County"
"4757","Co-Champion","BLACKHAW","Smooth","Viburnum prunifolium","2010","76","33","40","119","VA","Albemarle County"
"5635","Co-Champion","BLACKHAW","Smooth","Viburnum prunifolium","2015","80","31","37","120","VA","Charlotte County"
"4308","Champion","BLADDERNUT","American","Staphylea trifolia","2008","15","28","22","49","MI","Berrien"
"2735","Champion","BLADDERNUT","Sierra","Staphylea bolanderi","1986","14","28","12","45","CA","Fresno County"
"4952","Co-Champion","BLOLLY","Longleaf","Guapira discolor","2011","58","42","17","104","FL","Miami-Dade"
"4953","Co-Champion","BLOLLY","Longleaf","Guapira discolor","2011","35","64","22","105","FL","Miami-Dade"
"5248","Champion","BLUEBLOSSOM","Blue-myrtle","Ceanothus thyrsiflorus","2011","52","24","39","86","OR","Curry"
"6212","Champion","BLUEWOOD","","Condalia hookeri","2018","72","26","30","106","TX","Hidalgo County"
"5501","Champion","BOXELDER","","Acer negundo","2014","265","33","34","307","VA","Essex County"
"2741","Champion","BUCIDA","","Bucida buceras","1997","152","60","74","231","FL","Miami-Dade"
"2743","Champion","BUCKEYE","California","Aesculus californica","2001","176","46","60","237","CA","Santa Cruz"
"5771","Champion","BUCKEYE","Ohio","Aesculus glabra","2016","174","86","57","274","KY","Lexington"
"3929","Champion","BUCKEYE","Texas","Aesculus glabra var. arguta","2006","62","39","40","111","TX","Gillespie County"
"4113","Champion","BUCKEYE","Yellow","Aesculus flava","2007","295","81","56","390","VA","Alleghany County"
"5009","Champion","BUCKTHORN","California","Rhamnus californica","2011","42","18","34","69","AZ","Montezuma's Well Nat. Monument"
"5226","Champion","BUCKTHORN","Carolina","Rhamnus caroliniana","2013","12","31","15","47","NC","Rutherford"
"3938","Champion","BUCKTHORN","Cascara","Rhamnus purshiana","2006","111","38","63","165","OR","Curry"
"5922","Champion","BUCKTHORN","European","Rhamnus cathartica","2017","40","15","20","60","ME","Portland"
"4911","Champion","BUCKTHORN","Glossy","Rhamnus frangula","2011","114","25","45","150","VA","Lynchburg"
"3860","Champion","BUCKTHORN","Hollyleaf","Rhamnus crocea","2007","52","16","18","73","AZ","Prescott NF"
"4278","Champion","BUCKWHEAT-TREE","","Cliftonia monophylla","2008","48","47","29","102","FL","Wakulla"
"2758","Champion","BUFFALOBERRY","Silver","Shepherdia argentea","1975","112","18","33","138","OR","Malheur"
"4657","Champion","BUMELIA","Buckthorn","Sideroxylon lycioides","2009","38","39","27","84","VA","Norfolk City"
"4826","Champion","BUMELIA","Gum","Sideroxylon lanuginosum","2017","111","61","53","185","TX","Freestone County"
"6111","Champion","BUMELIA","Saffron-plum","Sideroxylon celastrinum","2017","67","25","46","104","TX","Cameron County"
"4258","Champion","BUMELIA","Tough","Sideroxylon tenax","2007","22","30","34","61","GA","Glynn Co."
"2763","Champion","BURNINGBUSH","Eastern","Euonymus atropurpureus","2002","107","38","40","155","MO","St. Louis"
"4465","Champion","BUSTIC","Willow","Sideroxylon salicifolium","2009","54","57","18","116","FL","Miami-Dade"
"5802","Champion","BUTTERNUT","","Juglans cinerea","2016","288","67","88","377","NY","New Hartford"
"4440","Champion","BUTTON-MANGROVE","","Conocarpus erectus","2009","226","38","69","281","FL","Monroe"
"2767","Champion","BUTTONBUSH","Common","Cephalanthus occidentalis","1992","60","26","38","96","CA","Kern Co."
"5479","Champion","BYRSONIMA","Key","Byrsonima lucida","2014","57","17","17","78","FL","Monroe"
"3455","Champion","CALIFORNIA FAN PALM","California fan palm","Washingtonia filifera","1991","141","67","18","213","CA","Sacramento State Capitol"
"4419","Champion","CAMPHOR-TREE","","Cinnamomum camphora","2009","294","53.17","121.33","378","CA","Stanislaus"
"2772","Champion","CANELLA","","Canella winterana","1998","29","38","27.5","74","FL","Monroe"
"2773","Champion","CANOTIA","","Canotia holacantha","2005","90","32","20","127","AZ","Mohave"
"5737","Champion","CAPER","Jamaica","Capparis cynophallophora","2016","26","30","25","62","FL","Monroe"
"5871","Champion","CASTORBEAN","","Ricinus communis","2017","18","21","43","50","AZ","Avendale"
"2776","Champion","CATALPA","Northern","Catalpa speciosa","2003","303","78","81","401","IN","Vanderburgh"
"4349","Co-Champion","CATALPA","Southern","Catalpa bignonioides","2008","272","53","67","342","TX","Dallas, TX"
"5882","Co-Champion","CATALPA","Southern","Catalpa bignonioides","2017","251","75","82","347","MD","Baltimore, Baltimore County"
"3865","Champion","CATCLAW","Gregg","Acacia greggii","2007","74","34","35.5","117","AZ","Verde River, Coconino NF"
"3752","Champion","CATCLAW","Wright","Acacia greggii var. wrightii","2006","99","27","35.5","135","TX","Uvalde County"
"5761","Champion","CERCOCARPUS","Alderleaf","Cercocarpus montanus","2016","40","16","33","64","MT","Ravalli"
"4872","Champion","CERCOCARPUS","Birchleaf","Cercocarpus betuloides","2011","73","28","37","110","OR","Douglas"
"4598","Champion","CERCOCARPUS","Curlleaf","Cercocarpus ledifolius","2009","133","25","35","167","UT","Wasatch-Cashe NF"
"2786","Champion","CERCOCARPUS","Hairy","Cercocarpus breviflorus","1996","37","25","20","67","AZ","Mt. Wrightson"
"2787","Champion","CHASTETREE","Common","Vitex agnus-castus","2003","119","26","37","154","TX","Johnson City"
"4948","Champion","CHERRY","Alabama black","Prunus alabamensis","2011","40","60","40","110","AL","University of Alabama Arboretum"
"5318","Champion","CHERRY","Bitter","Prunus emarginata","2013","35","83","10","121","OR","Marion"
"5353","Champion","CHERRY","Black","Prunus serotina","2001","196","111","79","327","OH","Licking"
"3999","Champion","CHERRY","Common chokecherry","Prunus virginiana","1999","196","41","69","254","MD","Baltimore"
"2797","Champion","CHERRY","Escarpment","Prunus serotina var. eximia","2003","101","62","37.5","172","TX","Real County"
"5675","Champion","CHERRY","Hollyleaf","Prunus ilicifolia","","75","45.42","47","132","CA","Oakland"
"2799","Champion","CHERRY","Mahaleb","Prunus mahaleb","1993","79","41","48","132","WA","Lake Stevens"
"5984","Champion","CHERRY","Pin","Prunus pensylvanica","2013","49","45","33","102","NH","Adams Point Rd., Durham"
"5454","Champion","CHERRY","Sour","Prunus cerasus","2014","97","45","44","153","UT","Salt Lake City"
"2805","Champion","CHERRY","Southwestern black","Prunus serotina var. rufula","2004","136","66","50","215","AZ","Prescott NF"
"6063","Champion","CHERRY","Sweet","Prunus avium","2017","200","57","70","275","VA","Fairfax County"
"2806","Champion","CHERRY","West Indian","Prunus myrtifolia","1989","68","38","21","111","FL","Miami-Dade"
"6168","Co-Champion","CHESTNUT","American","Castanea dentata","2018","237","93.5","94.67","354","WA","Thurston"
"6259","Champion","CHESTNUT","Horse","Aesculus hippocastanum","2018","237","85.58","72.58","341","WA","King"
"6202","Co-Champion","CHINABERRY","","Melia azedarach","2018","204","35","46","251","VA","Petersburg City"
"4391","Co-Champion","CHINABERRY","","Melia azedarach","2009","177","65","43","253","MS","Pattison"
"5669","Champion","CHINKAPIN","Allegheny","Castanea pumila var. pumila","2015","30","41","38.42","81","TX","Trinity County"
"5825","Champion","CHINKAPIN","Giant","Chrysolepis chrysophylla","2016","199","130","74","348","CA","Six Rivers National Forest"
"5774","Champion","Chokecherry","Black","Prunus virginiana var. melanocarpa","2016","39","66","22","111","MT","Flathead"
"5774","Champion","Chokecherry","Black","Prunus virginiana var. melanocarpa","2016","39","66","22","111","MT","Flathead"
"5790","Champion","CHOKECHERRY","Western","Prunus virginiana var. demissa","2016","40","69","28","116","OR","Marion County"
"4571","Champion","CHOLLA","Jumping","Cylindropuntia fulgida","2009","35","16","13","54","AZ","Pinal"
"5149","Champion","CINNECORD","","Acacia choriophylla","2012","23","19","26","49","FL","Miami-Dade"
"5490","Champion","CLETHRA","Cinnamon","Clethra acuminata","2014","17","26","22","49","NC","Jackson"
"4118","Champion","CLIFFROSE","","Purshia mexicana","2007","37","22","17","63","AZ","Grand Canyon NP"
"2815","Champion","CLUSIA","Florida","Clusia rosea","1995","32","32","27","71","FL","Broward"
"5022","Champion","COCONUT","Palm","Cocos nucifera","2011","14","103","20","122","HI","Kapuaiwa Coconut Beach Park"
"4967","Co-Champion","COCOPLUM","","Chrysobalanus icaco","2011","21","19","19.5","45","FL","Broward"
"4968","Co-Champion","COCOPLUM","","Chrysobalanus icaco","2011","24","18","25","48","FL","Broward"
"5875","Co-Champion","COFFEETREE","Kentucky","Gymnocladus dioicus","2017","223","73","84","317","MD","Hagerstown, Washington County, MD"
"4614","Co-Champion","COFFEETREE","Kentucky","Gymnocladus dioicus","2009","198","106","77","323","MD","Montgomery"
"6013","Champion","COLICWOOD","Kolea lau nui","Myrsine lessertiana","2017","66","59","22","131","HI","Hawaii Volcanoes National Park"
"2820","Champion","CORALBEAN","Southeastern","Erythrina herbacea","1995","14","14","14.5","32","FL","Lee"
"5415","Champion","CORALBEAN","Wili wili","Erythrina sandwicensis","2014","186.96","40","43.5","238","HI","Hawaii Island"
"5270","Champion","CORKWOOD","","Leitneria floridana","2013","9","17","8","28","FL","Jefferson"
"6106","Champion","COTTONWOOD","Black","Populus balsamifera ssp. trichocarp","2017","379","141","96","544","OR","Polk"
"5347","Champion","COTTONWOOD","Eastern","Populus deltoides ssp. deltoides","2013","450","88","108","565","NE","Beatrice"
"5182","Champion","COTTONWOOD","Fremont","Populus fremontii ssp. fremontii","2012","560","102","160.5","702","AZ","Yavapai"
"6113","Champion","COTTONWOOD","Meseta","Populus fremontii ssp. mesetae","2017","288","79","110","395","TX","Jeff Davis County"
"5558","Co-Champion","COTTONWOOD","Narrowleaf","Populus angustifolia","2014","195","92","70","305","MT","T1N R14E S12"
"5901","Co-Champion","COTTONWOOD","Narrowleaf","Populus angustifolia","2017","195.5","90","81","306","CO","Gunnison"
"5555","Co-Champion","COTTONWOOD","Narrowleaf","Populus angustifolia","2014","198","94","75","311","CO","Lake City"
"5580","Co-Champion","COTTONWOOD","Narrowleaf","Populus angustifolia","2014","217","80","60","312","UT","Murray City Park"
"5166","Champion","COTTONWOOD","Plains","Populus deltoides ssp. monilifera","2012","394","112","94","530","MT","Ravalli"
"5090","Champion","COTTONWOOD","Rio Grande","Populus deltoides ssp. wislizeni","2012","325.2","115","80","460","CO","Durango"
"4195","Champion","COTTONWOOD","Swamp","Populus heterophylla","2007","132","106","24","244","VA","Southampton County"
"5799","Co-Champion","CRANBERRYBUSH","American","Viburnum opulus var. americanum","2016","18","23","17","45","VA","Giles County"
"4464","Co-Champion","CRANBERRYBUSH","American","Viburnum opulus var. americanum","2009","28","14","20","47","MI","Berrien"
"2836","Champion","CYPRESS","Arizona","Cupressus arizonica ssp. arizonica","1955","244","106","48","362","AZ","Coronado NF"
"2837","Champion","CYPRESS","Arizona smooth","Cupressus arizonica var. glabra","2003","240","78","56","332","AZ","Coconino NF"
"4622","Champion","CYPRESS","Baker","Cupressus bakeri","2009","107","98","19","210","OR","JOSEPHINE"
"2840","Champion","CYPRESS","Gowen","Cupressus goveniana ssp. govenian","1996","66","40","52","119","CA","Point Lobos State Park"
"2841","Champion","CYPRESS","MacNab","Cupressus macnabiana","1981","136","55","55","205","CA","Amador"
"5755","Champion","CYPRESS","Monterey","Cupressus macrocarpa","2016","483","101","85","605","OR","Douglas County"
"5724","Champion","CYPRESS","Piute","Cupressus arizonica ssp. nevadensi","2016","115","75","65","206","CA","Domeland Wilderness"
"6222","Champion","CYPRESS","Santa Cruz","Cupressus abramsiana","2018","79","58.5","37.67","147","CA","East Bay Regional Parks Botanic Garden"
"2851","Champion","CYRILLA","Swamp","Cyrilla racemiflora","1980","57","47","30","112","FL","Washington"
"3794","Champion","DAHOON","","Ilex cassine","2006","84","42","40","136","FL","Palm Beach"
"2857","Champion","DAHOON","Myrtle","Ilex myrtifolia","1998","82","61","41","153","FL","Wakulla"
"2858","Champion","DARLING-PLUM","","Reynosia septentrionalis","1975","24","37","15","65","FL","Monroe"
"2859","Champion","DESERT-WILLOW","","Chilopsis linearis","1976","165","68","54","247","AZ","Gila"
"6031","Co-Champion","DEVILS-WALKINGSTICK","","Aralia spinosa","2017","15","42","16","61","VA","Isle of Wight County"
"6030","Co-Champion","DEVILS-WALKINGSTICK","","Aralia spinosa","2017","22","36","17","62","VA","Rockbridge County"
"5470","Champion","DEVILWOOD","","Osmanthus americanus","2014","65","28","51","106","FL","Columbia"
"4857","Champion","DOGWOOD","Alternate-leaf","Cornus alternifolia","2011","75","30","45","116","NJ","Morris"
"4488","Champion","DOGWOOD","Flowering","Cornus florida","2009","90","67","66","174","GA","Clarke"
"4525","Champion","DOGWOOD","Gray","Cornus racemosa","2009","32","22","18","59","MI","Berrien"
"4616","Champion","DOGWOOD","Pacific","Cornus nuttallii","2009","150","61","57","225","OR","Multnomah"
"6281","Champion","DOGWOOD","Red-osier","Cornus sericea ssp. sericea","2015","10","15","9","27","MT","Ravalli"
"5821","Champion","DOGWOOD","Roughleaf","Cornus drummondii","2016","39","30","34","78","MS","Tunica"
"3730","Champion","DOGWOOD","Roundleaf","Cornus rugosa","2006","23","29","26","59","MI","Leelanau"
"5002","Co-Champion","DOGWOOD","Swamp","Cornus foemina","2011","31","21","18","57","NC","Dare"
"4562","Co-Champion","DOGWOOD","Swamp","Cornus foemina","2009","30","23","22","59","VA","Isle of Wight County"
"2877","Champion","DOGWOOD","Western","Cornus sericea ssp. occidentalis","2003","29","26","44","66","OR","Polk"
"2878","Champion","DOUGLAS-FIR","Bigcone","Pseudotsuga macrocarpa","1945","269","165","94","458","CA","Angeles NF"
"6165","Champion","DOUGLAS-FIR","Coast","Pseudotsuga menziesii","","581","293.67","66.25","891","WA","Lake Quinault"
"5242","Champion","DOUGLAS-FIR","Rocky Mountain","Pseudotsuga menziesii var. glauca","2013","223","178","50","414","MT","Sanders"
"5127","Champion","ELDER","American","Sambucus canadensis","2012","21","34","39","65","FL","Lake"
"5573","Champion","ELDER","Blackbead","Sambucus melanocarpa","2014","26","22","32","56","OR","Clackamas"
"5754","Champion","ELDER","Blue","Sambucus cerulea","2016","122","39","35","170","OR","Linn County"
"2886","Champion","ELDER","Mexican","Sambucus mexicana","2005","95","41","26","143","AZ","Patagonia"
"2887","Champion","ELDER","Pacific red","Sambucus pubens","2001","56","27","30","91","OR","Tillamook"
"5053","Champion","ELEPHANT-TREE","","Bursera microphylla","2012","40","16","22","62","AZ","Barry Goldwater Range"
"4677","Champion","ELM","American","Ulmus americana","2010","324","111","79","455","LA","Iberville"
"6209","Champion","ELM","Rock","Ulmus thomasii","2018","117","89","80","226","CO","Fort Collins"
"3952","Champion","ELM","September","Ulmus serotina","2007","93","94","56","201","OH","Hamilton"
"2896","Co-Champion","ELM","Siberian","Ulmus pumila","2001","260","92","114","381","OH","Ross"
"5646","Co-Champion","ELM","Siberian","Ulmus pumila","2015","261","108","117","398","UT","West Valley City"
"5371","Champion","ELM","Slippery","Ulmus rubra","2013","282","90","82.5","393","KY","Masonic Homes of Kentucky"
"4537","Champion","ELM","Winged","Ulmus alata","2009","180","89","70","287","VA","Hopewell City"
"2899","Champion","ESENBECKIA","Berlandier","Esenbeckia berlandieri","1995","48","28","26.42","83","TX","Brownsville"
"2900","Champion","EUCALYPTUS","Bluegum","Eucalyptus globulus","2000","586","141","126","759","CA","Petrolia"
"6247","Champion","EUCALYPTUS","Longbeak","Eucalyptus camaldulensis","2018","266","117","119","413","AZ","Boyce Thompson Arboretum"
"3928","Champion","EVE'S NECKLACE","Texas","Styphnolobium affine","2006","77","37","47","126","TX","Real County"
"2902","Champion","FALSE-MASTIC","","Sideroxylon foetidissimum","1973","111","78","47","201","FL","Miami-Dade"
"5658","Champion","FIDDLEWOOD","Florida","Citharexylum spinosum","2015","52","35","36","96","FL","Miami-Dade"
"4010","Champion","FIG","Florida strangler","Ficus aurea","1973","342","69","72","429","FL","Miami-Dade"
"2906","Champion","FIG","Shortleaf","Ficus citrifolia","1986","244","42","83","307","FL","Monroe"
"2907","Champion","FIR","Balsam","Abies balsamea","1992","160","104","53","277","PA","Adams"
"3770","Champion","FIR","Bristlecone","Abies bracteata","2006","150","127","36","286","CA","Monterey"
"2908","Champion","FIR","California red","Abies magnifica","1999","358","169.3","37.1","537","CA","Yosemite National Park"
"6289","Champion","FIR","California white","Abies concolor var. lowiana","2018","259","199.5","48.5","471","CA","Yosemite National Park"
"4745","Champion","FIR","Corkbark","Abies lasiocarpa var. arizonica","2010","205","70","78","295","AZ","Coconino"
"4638","Champion","FIR","Fraser","Abies fraseri","2009","116","96","45","223","VA","Harrisonburg City"
"5250","Co-Champion","FIR","Grand","Abies grandis","1994","265","227","48","504","WA","Clallum"
"2912","Co-Champion","FIR","Grand","Abies grandis","1997","245","257","36","511","CA","Redwood National Park"
"6284","Champion","FIR","Noble","Abies procera","1999","316","251.67","44","579","WA","Gifford Pinchot National Forest"
"5058","Co-Champion","FIR","Pacific silver","Abies amabilis","2012","212","222","38","444","WA","Olympic National Park"
"2915","Co-Champion","FIR","Pacific silver","Abies amabilis","1999","216","220","38","446","WA","Olympic National Park"
"5325","Champion","FIR","Rocky Mountain white","Abies concolor","2013","244","101","55.5","359","UT","Uinta National Forest"
"2917","Champion","FIR","Subalpine","Abies lasiocarpa","1965","252","125","26","384","WA","Olympic NP"
"4255","Champion","FISHPOISON-TREE","Florida","Piscidia piscipula","2008","137","48","71","203","FL","Monroe"
"5252","Champion","FLORIDA-BOXWOOD","","Schaefferia frutescens","2013","21","16","15.42","41","FL","Monroe"
"6323","Champion","FRANKLIN-TREE","","Franklinia alatamaha","2018","44.1","39.08","21.67","89","NY","Brooklyn"
"5453","Champion","FRINGETREE","","Chionanthus virginicus","2014","68","45","48","125","UT","Salt Lake City"
"2928","Champion","GALLBERRY","Large","Ilex coriacea","2004","16","35","23","57","LA","Vernon Parish"
"3653","Champion","GEIGER-TREE","","Cordia sebestena","2007","45","23","28","75","FL","Palm Beach"
"6272","Champion","GINKGO","","Ginkgo biloba","2018","295","96","93","414","WV","Near Inwood in Jefferson Coutny WV"
"3996","Champion","GUAJILLO","","Acacia berlandieri","2007","24","21","23.5","51","TX","Uvalde County"
"5443","Champion","GUIANA-PLUM","","Drypetes lateriflora","2014","17","25","18","47","FL","Miami-Dade"
"2933","Champion","GUMBO-LIMBO","","Bursera simaruba","1992","104","36","60","155","FL","Monroe"
"5878","Co-Champion","HACKBERRY","Common","Celtis occidentalis","2017","233.4","103.92","97","362","WV","Rippon"
"5031","Co-Champion","HACKBERRY","Common","Celtis occidentalis","2012","211","127","118","368","NJ","Warren"
"4648","Co-Champion","HACKBERRY","Dwarf","Celtis tenuifolia","2009","70","36","61","121","VA","Alexandria City"
"6333","Co-Champion","HACKBERRY","Dwarf","Celtis tenuifolia","2018","66","42","50","121","VA","Arlington National Cemetery"
"4114","Champion","HACKBERRY","Netleaf","Celtis reticulata","2007","122","54","71","194","AZ","Sonoita Creek, Santa Cruz. Co."
"4832","Champion","HACKBERRY","Spiny","Celtis pallida","2011","28","15","20","48","TX","Corpus Christi"
"4392","Champion","HAWTHORN","Black","Crataegus douglasii","2009","84","45","42","140","WA","Liberty"
"2941","Champion","HAWTHORN","Blueberry","Crataegus brachyacantha","1993","85","30","30","123","TX","Nacogdoches County"
"5775","Champion","HAWTHORN","Castlegar","Crataegus castlegarensis","2016","43.4","42","23","91","MT","Flathead"
"6123","Champion","HAWTHORN","Cerro","Crataegus erythropoda","2018","26.69","14","17","45","CO","Fort Collins"
"4795","Champion","HAWTHORN","Cockspur","Crataegus crus-galli","2011","60","35","35","104","IN","Vanderbough"
"4896","Champion","HAWTHORN","Dotted","Crataegus punctata","2011","70","29","46","111","VA","Grayson"
"4417","Champion","HAWTHORN","Downy","Crataegus mollis","2009","131","30","47","173","OH","Madison"
"5805","Co-Champion","HAWTHORN","Fleshy","Crataegus succulenta","2016","37","21","24","64","NY","Rochester"
"5777","Co-Champion","HAWTHORN","Fleshy","Crataegus succulenta","2016","30.16","32","20","67","MT","Flathead"
"5268","Champion","HAWTHORN","Green","Crataegus viridis","2013","97","40","44","148","NC","Halifax"
"5806","Champion","HAWTHORN","Kansas","Crataegus coccinioides","2016","59","32","36","100","NY","Brooklyn"
"4989","Champion","HAWTHORN","Littlehip","Crataegus spathulata","2011","23","30","27","60","LA","Vernon"
"4239","Champion","HAWTHORN","May","Crataegus aestivalis","2007","49","40","34","98","GA","Haralson"
"2960","Champion","HAWTHORN","Oneseed","Crataegus monogyna","1993","113","36","56","163","WA","Mount Vernon"
"5050","Co-Champion","HAWTHORN","Parsley","Crataegus marshallii","2012","25","22","20","52","VA","Southampton County"
"5051","Co-Champion","HAWTHORN","Parsley","Crataegus marshallii","2012","23","25","20","53","VA","Southampton County"
"5689","Champion","HAWTHORN","Pear","Crataegus calpodendron","2015","26","17","28","50","VA","Alexandria City"
"4692","Champion","HAWTHORN","Pennsylvania","Crataegus pennsylvanica","2010","56","38","44","105","NC","Buncombe"
"5327","Champion","HAWTHORN","Quebec","Crataegus submollis","2013","14","20","46","46","NY","Wyoming County"
"4830","Champion","HAWTHORN","Reverchon","Crataegus reverchonii","2011","12","10","11","25","TX","Dallas"
"5807","Champion","HAWTHORN","Scarlet","Crataegus coccinea","2016","61","30","24","97","NY","Clniton"
"6144","Champion","HAWTHORN","Suksdorf","Crataegus suksdorfii","2018","49","29.17","35.08","87","WA","Seattle, University of Washington"
"5251","Champion","HAWTHORN","Texas","Crataegus texana","2013","17","27","26","51","TX","Brazos Bend State Park"
"2966","Co-Champion","HAWTHORN","Tracy","Crataegus tracyi","2003","43","27","28","77","TX","Jeff Davis County"
"4812","Co-Champion","HAWTHORN","Tracy","Crataegus tracyi","2011","50","21","34","80","TX","Jeff Davis County"
"4059","Champion","HAWTHORN","Washington","Crataegus phaenopyrum","2007","76","35","41","121","KS","Johnson"
"6304","Champion","HAZEL","California","Corylus cornuta var. californica","","34","44.92","53.5","92","WA","Seattle"
"5743","Champion","HAZELNUT","Turkish","Corylus colurna","2016","136","80","63","232","OR","Benton County"
"5180","Champion","HEMLOCK","Carolina","Tsuga caroliniana","2012","128","74","38","212","NC","Buncombe"
"4787","Champion","HEMLOCK","Eastern","Tsuga canadensis","2011","192","159","45","362","NC","Macon"
"4332","Champion","HEMLOCK","Mountain","Tsuga mertensiana","2008","325","89","57","428","WA","Yakima County"
"2979","Champion","HEMLOCK","Western","Tsuga heterophylla","1989","343","190","50","546","WA","Olympic National Park"
"5693","Champion","HERCULES-CLUB","Texas","Zanthoxylum hirsutum","2015","41","22","20","68","TX","North Richland Hills"
"5062","Champion","HIBISCUS","Sea","Hibiscus tiliaceus","2011","110","20","25","136","HI","Kailua-Kona"
"4565","Co-Champion","HIBISCUS","Shrub althea","Hibiscus syriacus","2009","30","20","21","55","VA","Cumberland County"
"6334","Co-Champion","HIBISCUS","Shrub althea","Hibiscus syriacus","2018","39","14","14","57","VA","Lynchburg City"
"4618","Co-Champion","HICKORY","Bitternut","Carya cordiformis","2009","198","108","103","332","MD","Harford"
"6033","Co-Champion","HICKORY","Bitternut","Carya cordiformis","2017","176","130","103","332","VA","Brunswick County"
"5072","Co-Champion","HICKORY","Black","Carya texana","2012","108","107","56","229","TX","San Jacinto County"
"5518","Co-Champion","HICKORY","Black","Carya texana","2014","137","84","45","232","OK","McCurtian County"
"5500","Champion","HICKORY","Carolina","Carya carolinae-septentrionalis","2014","94","136","69","247","AL","Wilcox County"
"4632","Champion","HICKORY","Common shagbark","Carya ovata","2009","191","104","99","320","MD","Anne Arundel"
"4444","Champion","HICKORY","Mockernut","Carya tomentosa","2009","193","106","125","330","FL","Hamilton"
"5195","Champion","HICKORY","Nutmeg","Carya myristiciformis","2012","101","92","56","207","TX","Red River County"
"4726","Champion","HICKORY","Pignut","Carya glabra","2010","226","104","101","355","GA","Dooly"
"5695","Champion","HICKORY","Red","Carya ovalis","2015","119","138","128","289","NY","Annandale-on-Hudson"
"2994","Champion","HICKORY","Sand","Carya pallida","2005","134.3","151","80.5","305","SC","Greenville"
"5186","Champion","HICKORY","Scrub","Carya floridana","2012","73.8","61","37.42","144","FL","Lake"
"6332","Champion","HICKORY","Shellbark","Carya laciniosa","2018","190","109","112","327","VA","Culpeper"
"5502","Champion","HICKORY","Water","Carya aquatica","2014","206","97","62","319","VA","Southampton County"
"6248","Champion","HOLLY","American","Ilex opaca","2018","182","64","63","262","AR","Rosebud"
"4990","Champion","HOLLY","Carolina","Ilex ambigua","2011","3","16","8","21","LA","Fort Polk"
"5887","Champion","HOLLY","Hawai'i","Ilex anomala","2017","96","50","21","151","HI","Hawai'i Volcanoes National Park"
"5123","Champion","HOLLY","Tawnberry","Ilex krugiana","2012","43","40","14","87","FL","Miami-Dade"
"6213","Champion","HONEYLOCUST","","Gleditsia triacanthos","","202","99","91.5","324","NH","Sullivan County"
"5846","Champion","HOPBUSH","","Dodonaea viscosa","2017","32","38","28","77","HI","Kona Hema Preserve, Hawaii"
"3006","Champion","HOPHORNBEAM","Chisos","Ostrya chisosensis","1983","27","29","15.42","60","TX","Big Bend NP"
"4518","Champion","HOPHORNBEAM","Eastern","Ostrya virginiana","2009","131","66","53","210","MA","Suffolk"
"3859","Champion","HOPHORNBEAM","Knowlton","Ostrya knowltonii","2007","132","40","47","184","AZ","Coconino NF"
"5339","Champion","HOPTREE","Common","Ptelea trifoliata","2013","20","25","20","50","NY","Monroe County"
"5808","Co-Champion","HORNBEAM","American","Carpinus caroliniana","2016","133","83","60","231","NY","Marlboro"
"4861","Co-Champion","HORNBEAM","American","Carpinus caroliniana","2011","176","44","61","235","NJ","Essex"
"5075","Champion","HUAJILLO","Huajillo","Havardia pallens","2012","37","44","28","88","TX","Hidalgo"
"3013","Champion","HUISACHE","","Acacia farnesiana","1989","154","19","27","180","TX","Jourdanton"
"3014","Champion","HUISACHILLO","","Acacia tortuosa","2003","65","32","35","106","AZ","Phoenix"
"4985","Co-Champion","INCENSE-CEDAR","","Calocedrus decurrens","2011","484","138","45","633","OR","Josephine"
"3017","Co-Champion","INCENSE-CEDAR","","Calocedrus decurrens","1969","472","157.42","57.42","644","CA","Klamath NF"
"4636","Champion","INDIAN-FIG","","Opuntia ficus-indica","2009","42","17","17","63","AZ","Pinal"
"4954","Co-Champion","INKWOOD","","Exothea paniculata","2011","57","42","24","105","FL","Miami-Dade"
"4009","Co-Champion","INKWOOD","","Exothea paniculata","2007","50","58","33.5","116","FL","Monroe"
"4852","Champion","IRONWOOD","Desert","Olneya tesota","2011","196","45","62","257","AZ","Maricopoa"
"5150","Champion","JAMAICAN NETTLETREE","Florida","Trema micrantha","2012","15","37","25","58","FL","Miami-Dade"
"4456","Champion","JOEWOOD","","Jacquinia keyensis","2009","48","18","16","70","FL","Lee"
"5815","Co-Champion","JUJUBE","Common","Ziziphus jujuba","2016","61","32","32","101","VA","City of Williamsburg"
"5516","Co-Champion","JUJUBE","Common","Ziziphus jujuba","2014","45","49","27","101","VA","City of Norfolk"
"4126","Champion","JUNIPER","Alligator","Juniperus deppeana","1998","324","52","70","394","AZ","Prescott NF"
"3026","Champion","JUNIPER","Ashe","Juniperus ashei","1999","138","44","49","194","TX","New Braunfels"
"3846","Champion","JUNIPER","California","Juniperus californica","2007","157","25","42","193","AZ","Yavapai"
"4320","Co-Champion","JUNIPER","Common","Juniperus communis","2008","19","16","13","38","ME","Norridgewock"
"5336","Co-Champion","JUNIPER","Common","Juniperus communis","2013","12","24","12","39","NY","Livingston County"
"6129","Champion","JUNIPER","Drooping","Juniperus flaccida","2018","118","34","31","160","TX","Big Bend National Park"
"3896","Champion","JUNIPER","Oneseed","Juniperus monosperma","2007","130","28","27","165","AZ","Coconino NF"
"6130","Champion","JUNIPER","Redberry","Juniperus coahuilensis","2018","144","28","34","181","TX","Brewster County"
"3034","Champion","JUNIPER","Rocky Mountain","Juniperus scopulorum","1940","284","40","29","331","UT","Cache National Forest"
"3036","Champion","JUNIPER","Sierra","Juniperus grandis","1940","481","78","56","573","CA","Stanislaus NF"
"6264","Champion","JUNIPER","Utah","Juniperus osteosperma","2018","172","33","50","218","AZ","North Kaibab Ranger District, Kaibab National Fore"
"5542","Co-Champion","JUNIPER","Western","Juniperus occidentalis","2011","223","78","42","312","OR","Lake"
"5541","Co-Champion","JUNIPER","Western","Juniperus occidentalis","1995","233","68","44","312","OR","Lake"
"4124","Champion","KIDNEYWOOD","","Eysenhardtia orthocarpa","2007","28","28","20","61","AZ","Mendoza Canyon"
"3037","Champion","KIDNEYWOOD","Texas","Eysenhardtia texana","2003","16","27","14","47","AZ","Boyce Thompson Arboretum"
"5320","Champion","LARCH","European","Larix decidua","2013","197","84","52","294","CT","Greenwich"
"3040","Champion","LARCH","Subalpine","Larix lyallii","2005","268","104","75","391","WA","Wenatchee NF"
"4801","Champion","LARCH","Western","Larix occidentalis","2011","264","153","34","426","MT","Missoula"
"4995","Champion","LAURELCHERRY","Carolina","Prunus caroliniana","2011","85","57","45","153","NC","Richmond"
"3043","Champion","LAURELCHERRY","English","Prunus laurocerasus","1985","116.4","32.25","56.33","163","WA","Seattle"
"3044","Champion","LEADWOOD","","Krugiodendron ferreum","1986","77","32","27.5","116","FL","Monroe"
"4850","Champion","LEUCAENA","Great","Leucaena pulverulenta","2011","89","48","63","153","TX","McAllen"
"4963","Champion","LEUCAENA","Littleleaf","Leucaena retusa","2011","43","23","32","74","TX","Midland"
"5432","Champion","LICARIA","Florida","Licaria triandra","2014","50","48","33","106","FL","Miami-Dade"
"5160","Champion","LIDFLOWER","Pale","Calyptranthes pallens","2012","11","19","12","33","FL","Miami-Dade"
"5428","Champion","LIGNUMVITAE","Roughbark","Guaiacum sanctum","2014","53","24","32","85","FL","Miami-Dade"
"3050","Champion","LIGNUMVITAE","Texas","Guaiacum angustifolium","1974","43","19","23","68","TX","Santa Ana NWR"
"6346","Champion","LILAC","Japanese tree","Syringa reticulata","2018","136","30","35","175","VA","Richmond"
"6194","Champion","LINDEN","Littleleaf","Tilia cordata","2018","223","83","74","325","MD","Churchville"
"3792","Champion","LOBLOLLY-BAY","","Gordonia lasianthus","1994","145","117","58.42","277","FL","Duval"
"3053","Champion","LOCUST","Black","Robinia pseudoacacia","1974","326","99","72","443","NY","Livingston"
"5900","Champion","LOCUST","Clammy","Robinia viscosa","2017","27","27","25","60","MT","Lake"
"6352","Champion","LOCUST","New Mexico","Robinia neomexicana","2018","71","38","22","115","AZ","Gila"
"5047","Champion","LOTEBUSH","","Ziziphus obtusifolia","2012","28","17","17.75","49","AZ","Yavapai"
"3791","Champion","LYONIA","Tree","Lyonia ferruginea","2007","34","41","24","81","FL","Wakulla"
"3060","Champion","LYSILOMA","Bahama","Lysiloma latisiliquum","2003","174","51","80","245","FL","Miami-Dade"
"3061","Champion","LYSILOMA","Littleleaf","Lysiloma watsonii","2005","101","38","48","151","AZ","Paradise Valley"
"4851","Champion","MADRONE","Arizona","Arbutus arizonica","2011","127","40","38","177","AZ","Santa Cruz"
"3063","Champion","MADRONE","Pacific","Arbutus menziesii","2003","327","125","112","480","CA","Big Sur Land Trust"
"4831","Champion","MADRONE","Texas","Arbutus xalapensis","2011","162","46","61","223","TX","Brewster County"
"4824","Champion","MAGNOLIA","Bigleaf","Magnolia macrophylla","2011","90","70","56","174","MD","Baltimore City"
"3067","Champion","MAGNOLIA","Cucumbertree","Magnolia acuminata","2003","299","96","79","415","OH","Stark"
"6336","Champion","MAGNOLIA","Fraser","Magnolia fraseri","2018","124","88","225","268","VA","Carroll"
"4759","Champion","MAGNOLIA","Pyramid","Magnolia pyramidata","2010","68","102","39","180","FL","Gadsden"
"5539","Champion","MAGNOLIA","Southern","Magnolia grandiflora","2014","205","135","68","357","MS","Delta National Forest"
"5838","Champion","MAGNOLIA","Sweetbay","Magnolia virginiana","2017","121","115","66","253","FL","Jefferson County"
"5321","Champion","MAGNOLIA","Umbrella","Magnolia tripetala","2013","131","70","50","214","CT","Branford"
"3073","Champion","MAGNOLIA","Yellow cucumbertee","Magnolia acuminata var. subcordata","1970","164","86","99","275","PA","Chester"
"3074","Co-Champion","MAHOGANY","West Indian","Swietenia mahagoni","1992","176","63","110","267","FL","Monroe"
"5358","Co-Champion","MAHOGANY","West Indian","Swietenia mahagoni","2013","184","71","78.5","275","FL","Broward"
"4670","Champion","MAIDENBRUSH","Marlberry","Ardisia escallonioides","2010","23","28","12","54","FL","Miami-Dade"
"6080","Champion","MANCHINEEL","","Hippomane mancinella","2007","57","24","12","84","FL","Monroe"
"6083","Champion","MANGO","","Mangifera indica","2016","108","47","47.5","167","FL","Broward"
"5474","Champion","MANGROVE","Red","Rhizophora mangle","2014","67","64","43","142","FL","Lee"
"3078","Champion","MANZANITA","Big","Arctostaphylos manzanita","2005","119","30","27","156","CA","Chico"
"5008","Champion","MANZANITA","Pringle","Arctostaphylos pringlei","2011","88","19","23","113","AZ","Coconino NF"
"3082","Champion","MANZANITA","Whiteleaf","Arctostaphylos viscida","2001","91","22","24","119","CA","Pierpoint Springs"
"5404","Champion","MAPLE","Bigleaf","Acer macrophyllum","2013","463","119","91","605","OR","Lane"
"5914","Champion","MAPLE","Black","Acer nigrum","2017","170","85","98","280","ME","South Berwick"
"5992","Champion","MAPLE","Chalk","Acer leucoderme","2017","31","42","33","81","NC","Chatham"
"6349","Champion","MAPLE","Florida","Acer barbatum","2018","133","126","72","277","VA","Southampton"
"5141","Champion","MAPLE","Mountain","Acer spicatum","2012","31.4","44","32","83","WV","Monongahela National Forest"
"5902","Champion","MAPLE","Norway","Acer platanoides","2017","203","68","68","288","MT","Ravalli"
"5030","Champion","MAPLE","Red","Acer rubrum","2012","264","75","80","359","NJ","Salem"
"3094","Champion","MAPLE","Rocky Mountain","Acer glabrum","1997","109","71","57","194","WA","Island"
"5097","Champion","MAPLE","Silver","Acer saccharinum","2012","264","130","113","422","NH","Hillsborough"
"5972","Champion","MAPLE","Striped","Acer pensylvanicum","2017","33","65","14","102","ME","Byron"
"6330","Co-Champion","MAPLE","Sugar","Acer saccharum","2016","270","72","84","363","VA","Giles"
"5069","Co-Champion","MAPLE","Sugar","Acer saccharum","2012","219","123","86","364","CT","New London"
"5613","Co-Champion","MAPLE","Trilobum red","Acer rubrum var. trilobum","2014","107","117","54","238","VA","Isle of Wight County"
"6025","Co-Champion","MAPLE","Trilobum red","Acer rubrum var. trilobum","2017","148","78","65","242","VA","Isle of Wight County"
"5421","Champion","MAPLE","Vine","Acer circinatum","1999","74","43","39","127","OR","Clatsop"
"3100","Champion","MESQUITE","Honey","Prosopis glandulosa","1984","183","56","87","261","TX","Real County"
"4123","Champion","MESQUITE","Screwbean","Prosopis pubescens","2007","43","24","31","75","AZ","Hassayampa River Preserve"
"3101","Champion","MESQUITE","Velvet","Prosopis velutina","1949","196","46","60","257","AZ","Santa Cruz"
"4816","Co-Champion","MEXICAN-BUCKEYE","","Ungnadia speciosa","2010","11","14","15","29","TX","Dallas Arboretum"
"5713","Co-Champion","MEXICAN-BUCKEYE","","Ungnadia speciosa","2015","12","15","16.42","31","TX","Dallas County"
"4513","Champion","MILKBARK","","Drypetes diversifolia","2009","42","37","22.5","85","FL","Monroe"
"5220","Champion","MOUNTAIN-ASH","American","Sorbus americana","2013","70","61","46","143","NH","Coos"
"5810","Co-Champion","MOUNTAIN-ASH","European","Sorbus aucuparia","2016","87","44","44","142","NY","Irondequoit"
"5651","Co-Champion","MOUNTAIN-ASH","European","Sorbus aucuparia","2015","91","43","37","143","MT","Flathead"
"5766","Champion","MOUNTAIN-ASH","Greene","Sorbus scopulina","2016","10.6","23","14","37","MT","Ravalli"
"5179","Champion","MOUNTAIN-LAUREL","","Kalmia latifolia","2012","33","36","27","76","SC","Sumter National Forest"
"6191","Champion","MULBERRY","Black","Morus nigra","2018","293","49","72","360","MD","Westminster"
"6262","Champion","MULBERRY","Red","Morus rubra","2018","305","75","71","398","AR","Hamburg"
"5870","Champion","MULBERRY","Texas","Morus microphylla","2017","228","48","112","304","AZ","Cottonwood"
"5078","Co-Champion","MULBERRY","White","Morus alba","2012","261","46","77","326","TX","Knox County"
"5472","Co-Champion","MULBERRY","White","Morus alba","1965","261","54","58","330","OH","Sandusky County"
"6339","Co-Champion","MULBERRY","White","Morus alba","2018","276","53","81","349","VA","Albermarle"
"3117","Champion","MULLEIN NIGHTSHADE","Potato-tree","Solanum erianthum","2003","21","9","8","32","TX","Weslaco"
"5148","Co-Champion","MYRTLE-OF-THE-RIVER","","Calyptranthes zuzygium","2012","14","25","9","41","FL","Miami-Dade"
"5147","Co-Champion","MYRTLE-OF-THE-RIVER","","Calyptranthes zuzygium","2012","14","24","14","42","FL","Miami-Dade"
"4631","Champion","NANNYBERRY","","Viburnum lentago","2009","27","25","5","53","NY","Monroe"
"5144","Champion","NECTANDRA","Florida","Nectandra coriacea","2012","27","27","20","59","FL","Miami-Dade"
"5269","Champion","NESTEGIS","Hawaii olive","Nestegis sandwicensis","2013","204.52","32","42.58","247","HI","Hawaii"
"3121","Champion","OAK","Ajo","Quercus turbinella var. ajoensis","1993","66","30","35","105","AZ","Organ Pipe Cactus NM"
"3123","Champion","OAK","Arkansas","Quercus arkansana","1997","158","100","110","286","MS","Covington"
"4102","Champion","OAK","Bigelow","Quercus sinuata var. breviloba","2007","124","46","78","190","TX","Austin"
"3126","Champion","OAK","Black","Quercus velutina","1989","347","78","89","447","CT","Hartford"
"5468","Champion","OAK","Blackjack","Quercus marilandica","2014","115","95","74","229","NC","Chatham"
"4402","Champion","OAK","Blue","Quercus douglasii","2009","146","71","79","237","CA","Mariposa"
"5829","Co-Champion","OAK","Bluejack","Quercus incana","2016","102","54","54","170","TX","Smith"
"4676","Co-Champion","OAK","Bluejack","Quercus incana","2010","97","58","61","170","LA","Vernon"
"4453","Champion","OAK","Bluff","Quercus austrina","2009","128","129","70","275","FL","Wakulla"
"4798","Champion","OAK","Bur","Quercus macrocarpa","2011","295","99","128","426","IN","Posey"
"5374","Champion","OAK","California black","Quercus kelloggii","2013","317","108","97","449","CA","Buck Meadows"
"5133","Champion","OAK","Canyon live","Quercus chrysolepis","2012","473","124","98","622","CA","Oak Glen"
"4350","Champion","OAK","Cherrybark","Quercus pagoda","2008","331","114","138","480","VA","Portsmouth City"
"6089","Champion","OAK","Chestnut","Quercus montana","2017","335","100","91","458","NJ",""
"3660","Champion","OAK","Chinkapin","Quercus muehlenbergii","2006","311","76","69","404","KY","Harrison"
"5712","Champion","OAK","Chisos","Quercus graciliformis","2015","64","52","40","126","TX","Brewster County"
"5486","Co-Champion","OAK","Coast live","Quercus agrifolia","2014","338","65","114","432","CA","Cherry Valley"
"5732","Co-Champion","OAK","Coast live","Quercus agrifolia","2016","348","60","110","436","CA","Paso Robles"
"5623","Co-Champion","OAK","Darlington","Quercus hemisphaerica","2015","247","96","90","366","NC","Edgecombe"
"4818","Co-Champion","OAK","Darlington","Quercus hemisphaerica","2011","252","90","96","366","FL","Bay"
"5052","Co-Champion","OAK","Darlington","Quercus hemisphaerica","2012","269","82","108","378","VA","Richmond City"
"4776","Champion","OAK","Delta post","Quercus similis","2011","129","73","61","217","TX","Wood County"
"3874","Champion","OAK","Durand","Quercus sinuata var. sinuata","2007","162","107","62","285","AL","Wilcox"
"5340","Champion","OAK","Dwarf chinkapin","Quercus prinoides","2013","42","36","24","84","NY","Monroe County"
"5395","Champion","OAK","Eastern white","Quercus alba","2012","331","90","120","451","VA","Brunswick County"
"6251","Champion","OAK","Emory","Quercus emoryi","2018","209","60","75","288","NM","San Lorenzo NM"
"3150","Champion","OAK","Engelmann","Quercus engelmannii","1951","144","84","106","255","CA","Pasadena"
"3151","Champion","OAK","English","Quercus robur","","238","118","104","382","WA","Olympia"
"3152","Champion","OAK","Gambel","Quercus gambelii","2003","219","106","64","341","AZ","Coconino NF"
"3153","Champion","OAK","Georgia","Quercus georgiana","1996","77","59","65","152","GA","Clarke"
"6250","Champion","OAK","Gray","Quercus grisea","2018","203","60","72","281","NM","Hidalgo County, South of Animas NM"
"3156","Champion","OAK","Havard","Quercus havardii","1986","60","34","30","102","TX","Yoakum County"
"5668","Champion","OAK","Island live","Quercus tomentella","2015","91","52.5","60","159","CA","Santa Barbara"
"3158","Champion","OAK","Lacey","Quercus laceyi","1989","116","59","72.5","193","TX","Comal County"
"4742","Co-Champion","OAK","Laurel","Quercus laurifolia","2010","285","95","127","412","AL","Marengo"
"5175","Co-Champion","OAK","Laurel","Quercus laurifolia","2012","317","86","89","425","VA","Chesapeake City"
"3162","Champion","OAK","Live","Quercus virginiana","1976","467","68","139","570","LA","St. Tammany Parish"
"6253","Champion","OAK","Mexican blue","Quercus oblongifolia","2018","161","48","54","223","NM","Arabela NM"
"4962","Champion","OAK","Mohr","Quercus mohriana","2011","70","21","20","96","TX","Randall County"
"5749","Champion","OAK","Myrtle","Quercus myrtifolia","2016","70","41","38","121","FL","Collier"
"5833","Champion","OAK","Netleaf","Quercus rugosa","2016","91.9","54","52.5","159","AZ","Madera Canyon"
"4610","Champion","OAK","Netleaf white","Quercus polymorpha","2009","101","57","83","179","TX","Val Verde County"
"3906","Champion","OAK","Northern pin","Quercus ellipsoidalis","2006","139","103","117","271","MI","Oakland"
"3914","Co-Champion","OAK","Northern red","Quercus rubra","2006","274.5","125.58","106.83","427","WV","Ohio"
"6261","Co-Champion","OAK","Northern red","Quercus rubra","2018","291","119","117","439","OH","Rocky River Reservation"
"6068","Co-Champion","OAK","Northern red","Quercus rubra","2017","285","131","118","446","VA","Washington County"
"3169","Champion","OAK","Oglethorpe","Quercus oglethorpensis","1968","123","64","82","208","GA","Oglethorpe"
"5625","Champion","OAK","Oregon white","Quercus garryana","2014","288","97","91","408","OR","Multnomah"
"4143","Champion","OAK","Overcup","Quercus lyrata","2007","320","124","81","464","VA","Isle of Wight County"
"3145","Champion","OAK","Palmer","Quercus palmeri","1995","68","40","38","118","AZ","Yavapai"
"4791","Champion","OAK","Pin","Quercus palustris","2011","283","109","110","420","IN","Greene"
"5674","Champion","OAK","Post","Quercus stellata","2015","255","95","122","381","AL","owner's yard at 2681 6th Street; Cherokee, Alabama"
"5867","Champion","OAK","Sand live","Quercus geminata","2017","221","71","101","317","FL","Alachua"
"4849","Champion","OAK","Sand post","Quercus stellata var. margarettae","2011","193","53","92.5","269","TX","Red River County, TX"
"5054","Champion","OAK","Scarlet","Quercus coccinea","2012","201","128","122","360","NJ","Mercer"
"5450","Co-Champion","OAK","Shingle","Quercus imbricaria","1995","214.7","94","83.5","330","OH","Vinton County"
"5494","Co-Champion","OAK","Shingle","Quercus imbricaria","2014","178","130","90","331","KY","Louisville"
"3181","Co-Champion","OAK","Shumard","Quercus shumardii","2002","328.8","94","101","448","IL","Anna"
"5495","Co-Champion","OAK","Shumard","Quercus shumardii","2014","313","117","100.5","455","KY","Clay City"
"4871","Champion","OAK","Silverleaf","Quercus hypoleucoides","2011","135","57","40","202","AZ","Coronado NF"
"5594","Champion","OAK","Sonoran scrub","Quercus turbinella","2014","25","25","15","54","UT","Red Reef Trail"
"3183","Champion","OAK","Southern red","Quercus falcata","1996","341","137","118","508","GA","Upson"
"6067","Co-Champion","OAK","Swamp chestnut","Quercus michauxii","2017","276","123","109","426","VA","City of Virginia Beach"
"4797","Co-Champion","OAK","Swamp chestnut","Quercus michauxii","2011","289","108","129","429","IN","Jennings"
"4164","Champion","OAK","Swamp white","Quercus bicolor","2007","268","105","102","399","NJ","Franklin Township"
"3187","Co-Champion","OAK","Texas live","Quercus fusiformis","2002","363","35","67","415","TX","Young County"
"5684","Co-Champion","OAK","Texas live","Quercus fusiformis","2015","342","63","93","428","TX","Bosque County"
"5947","Champion","OAK","Texas red","Quercus texana","2017","189","69","105","284","KS","Crestview Park, Topeka"
"5850","Co-Champion","OAK","Turkey","Quercus laevis","2017","124","57","57","195","GA","Augusta, Ga"
"6076","Co-Champion","OAK","Turkey","Quercus laevis","2017","126","64","41","200","NC","Moore"
"4754","Champion","OAK","Valley","Quercus lobata","2010","348","153","99","526","CA","Mendocino"
"3972","Champion","OAK","Vasey","Quercus vaseyana","2007","60","33","34","102","TX","Big Bend NP"
"4970","Champion","OAK","Water","Quercus nigra","2011","310","122","116","461","MS","Mantachie"
"4145","Co-Champion","OAK","Willow","Quercus phellos","2007","308","115","125","454","VA","Chesapeake"
"6356","Co-Champion","OAK","Willow","Quercus phellos","2018","318","114","108","459","VA","Mathews County"
"5313","Co-Champion","OAK","Willow","Quercus phellos","2013","328","105","137","467","VA","Northampton County"
"3197","Champion","OLEANDER","","Nerium oleander","2003","65","30","27","102","AZ","Sun City"
"4430","Champion","ORANGE","Hardy","Poncirus trifoliata","2009","48","17","23","71","CT","New London"
"3200","Champion","ORANGE","Sour","Citrus aurantium","2004","48","23","24","77","AZ","Tucson"
"4669","Co-Champion","OSAGE-ORANGE","","Maclura pomifera","2010","319","72","85","412","DE","New Castle"
"4425","Co-Champion","OSAGE-ORANGE","","Maclura pomifera","2009","333","58","91.67","414","VA","Fairfax County"
"5006","Co-Champion","OSAGE-ORANGE","","Maclura pomifera","2011","328","65","93","416","VA","Charlotte County"
"6102","Champion","Pagoda tree","Japanese","Styphnolobium japonicum","2017","240","78","107","345","MA","29 South Water Street, Edgartown"
"3203","Champion","PALMETTO","Cabbage","Sabal palmetto","1999","69","64","17","137","FL","Lafayette"
"3207","Co-Champion","PALMETTO","Mexican","Sabal mexicana","1995","59","48","18","112","TX","San Benito"
"3206","Co-Champion","PALMETTO","Mexican","Sabal mexicana","1989","60","52","11","115","TX","Hidalgo County"
"3849","Champion","PALOVERDE","Blue","Parkinsonia florida","2007","100","40","48","152","AZ","Maricopa"
"3210","Champion","PALOVERDE","Yellow","Parkinsonia microphylla","2003","66","29","44","106","AZ","Mobile"
"5427","Co-Champion","PARADISE-TREE","","Simarouba glauca","2014","61","59","38.5","130","FL","Miami-Dade"
"4468","Co-Champion","PARADISE-TREE","","Simarouba glauca","2009","67","55","44","133","FL","Miami-Dade"
"5142","Co-Champion","PARADISE-TREE","","Simarouba glauca","2012","82","42","43","135","FL","Miami-Dade"
"5794","Champion","PARASOLTREE","Chinese","Firmiana simplex","2016","54","27","24","87","VA","Norfolk City"
"3215","Champion","PAULOWNIA","Royal","Paulownia tomentosa","1989","291","54","60","360","IN","Vanderburgh"
"3217","Champion","PAUROTIS-PALM","","Acoelorraphe wrightii","1995","10","31","6","43","FL","Miami-Dade"
"5390","Champion","PAWPAW","Common","Asimina triloba","2014","37","59","34.5","105","MD","McGrillis Gardens"
"4986","Champion","PAWPAW","Smallflower","Asimina parviflora","2011","2","8","8.5","12","LA","Fort Polk"
"4480","Champion","PEACH","","Prunus persica","2009","36","18","21","59","CT","New Haven"
"4838","Champion","PEAR","Common","Pyrus communis","2011","79","59","43","149","NH","Strafford"
"4493","Champion","PECAN","","Carya illinoinensis","2009","293","97","106","417","VA","Isle of Wight County"
"3223","Champion","PEPPERTREE","","Schinus molle","1969","367","57","72","442","CA","San Juan Capistrano"
"5793","Co-Champion","PERSIMMON","Common","Diospyros virginiana","2016","152","85","68","254","VA","Suffolk City"
"5586","Co-Champion","PERSIMMON","Common","Diospyros virginiana","2001","157","87","46","256","OH","Scioto County"
"5839","Champion","PERSIMMON","Lama","Diospyros sandwicensis","2016","15.5","53","30","76","HI","Keauohana Forest Reserve, Puna"
"3225","Champion","PERSIMMON","Texas","Diospyros texana","1965","51","20","14","75","TX","Uvalde County"
"4951","Co-Champion","PIGEON-PLUM","","Coccoloba diversifolia","2011","83","36","20","124","FL","Miami-Dade"
"5184","Co-Champion","PIGEON-PLUM","","Coccoloba diversifolia","2012","76","42","28","125","FL","Miami-Dade"
"3229","Champion","PINE","Apache","Pinus engelmannii","1998","127","108","44","246","AZ","Coronado NF"
"3231","Champion","PINE","Arizona","Pinus arizonica","1998","150","108","60","273","AZ","Coronado NF"
"6164","Champion","PINE","Austrian","Pinus nigra","","150","102.42","55","266","WA","Seattle, Washelli Cemetery"
"4715","Champion","PINE","Bishop","Pinus muricata","2010","242","82","118.25","354","CA","Marin"
"5173","Champion","PINE","Chihuahua","Pinus leiophylla var. chihuahuana","2012","122","90","34","221","AZ","Fort Apache Indian Reservation"
"6124","Champion","PINE","Colorado bristlecone","Pinus aristata","2018","168","59","24","233","CO","San Isabel National Forest"
"5477","Champion","PINE","Coulter","Pinus coulteri","2014","216","143","72","377","CA","Weehsa Country Club"
"4290","Champion","PINE","Eastern white","Pinus strobus","2008","279","119","65","414","NH","Cheshire"
"3866","Champion","PINE","Fallax pinyon","Pinus monophylla var. fallax","2007","101","84","45","196","AZ","Prescott NF"
"6291","Champion","PINE","Foxtail","Pinus balfouriana","","323","71","45","405","CA","Sequoia National Park"
"3240","Champion","PINE","Gray","Pinus sabiniana","2005","204","118","86","344","CA","Kern"
"3243","Champion","PINE","Great Basin bristlecone","Pinus longaeva","2003","455","52","45","518","NV","Humboldt-Toiyabe NF"
"6116","Champion","PINE","Jack","Pinus banksiana","2018","82","73","39","165","MN","Voyageurs National Park"
"6313","Champion","PINE","Jeffrey","Pinus jeffreyi","2018","298","184","69","499","CA","Huntington Lake"
"4984","Champion","PINE","Knobcone","Pinus attenuata","2010","118","117","51","248","OR","Josephine"
"5819","Co-Champion","PINE","Limber","Pinus flexilis","2016","287","73","52","373","UT","Unita-Wasatch-Cache NF"
"3247","Co-Champion","PINE","Limber","Pinus flexilis","1968","302","61","48","375","UT","Uinta NF"
"5577","Champion","PINE","Loblolly","Pinus taeda","2014","181","168","85","370","SC","Congaree National Park"
"6055","Champion","PINE","Longleaf","Pinus palustris","2017","103","101","44","215","VA","Isle of Wight County"
"3252","Champion","PINE","Mexican pinyon","Pinus cembroides","1982","72","52","46","136","TX","Big Bend NP"
"5817","Champion","PINE","Monterey","Pinus radiata","2016","221","160","87","403","CA","Rohner Park, Fortuna"
"4327","Champion","PINE","Pacific ponderosa","Pinus ponderosa var. benthamiana","2008","324","235","66","576","CA","El Dorado"
"4664","Champion","PINE","Parry pinyon","Pinus quadrifolia","2009","76","50","34","135","CA","Anza"
"5937","Champion","PINE","Pinyon (two-leaf)","Pinus edulis","2017","164","53","45","228","NM","Santa Fe"
"3258","Champion","PINE","Pitch","Pinus rigida","1999","173","108","55.5","295","NH","Merrimack"
"6056","Champion","PINE","Pond","Pinus serotina","2017","114","102","46","228","VA","City of Virginia Beach"
"5238","Champion","PINE","Ponderosa","Pinus ponderosa var. ponderosa","1945","348","166.67","68","532","OR","Deschutes"
"3262","Champion","PINE","Red","Pinus resinosa","1968","141","122","54","277","MI","Gogebic"
"6078","Champion","PINE","Rocky Mountain lodgepole","Pinus contorta var. latifolia","2000","136","110","44","257","OR","Grant County"
"3264","Champion","PINE","Rocky Mountain ponderosa","Pinus ponderosa var. scopulorum","1997","246","195.25","60.5","456","MT","Mineral County"
"5170","Co-Champion","PINE","Sand","Pinus clausa","2012","81","96","27","184","FL","Osceola"
"4779","Co-Champion","PINE","Sand","Pinus clausa","2011","91","82","58","188","FL","Alachua"
"3267","Champion","PINE","Shore","Pinus contorta","","152","124","40","286","WA","Bryant"
"3973","Champion","PINE","Shortleaf","Pinus echinata","2007","154","91","66.5","262","TX","Smith County"
"5670","Champion","PINE","Singleleaf pinyon","Pinus monophylla","2015","118","36","38.83","164","UT","Hamlin Valley"
"3274","Co-Champion","PINE","Slash","Pinus elliottii var. elliottii","1985","142","132","53","287","FL","Duval"
"3273","Co-Champion","PINE","Slash","Pinus elliottii var. elliottii","2001","143","129","74","291","FL","Alachua"
"4398","Champion","PINE","South Florida slash","Pinus elliottii var. densa","2009","149","69","61","233","FL","Lee"
"6350","Champion","Pine","Southwestern ponderosa","Pinus ponderosa var. brachytera","2018","196","112.42","45","320","AZ","Coconino National Forest"
"5655","Champion","PINE","Spruce","Pinus glabra","2015","179","122","76","320","LA","East Feliciana"
"5672","Champion","PINE","Sugar","Pinus lambertiana","2015","362","241","48","615","CA","Calaveras Big Trees State Park"
"5174","Co-Champion","PINE","Table mountain","Pinus pungens","2012","62.76","94.42","31.25","165","WV","Hardy"
"5858","Co-Champion","PINE","Table mountain","Pinus pungens","2017","69","90","39","169","MD","Green Ridge State Forest"
"3282","Champion","PINE","Torrey","Pinus torreyana","1973","245","126","130","404","CA","Carpenteria"
"6060","Co-Champion","PINE","Virginia","Pinus virginiana","2017","84","108","42","203","VA","Caroline County"
"6059","Co-Champion","PINE","Virginia","Pinus virginiana","2017","108","91","43","210","VA","Fairfax County"
"3723","Champion","PINE","Washoe","Pinus washoensis","2006","207","150","75","376","CA","Modoc NF"
"6279","Champion","PINE","Western white","Pinus monticola","2018","326","138","75","483","NV","Nevada"
"5475","Champion","PINE","Whitebark","Pinus albicaulis","2014","235.6","54","37.33","299","CA","Humboldt-Toiyabe NF"
"4713","Champion","PINYON","Papershell","Pinus remota","2010","74","40","48","126","TX","Edwards County"
"6011","Champion","PISONIA","","Pisonia brunoniana","2017","130","53","32","191","HI","Hawaii Volcanoes National Park"
"3288","Champion","PISTACHIO","Mexican","Pistacia mexicana","2003","33","23","27","63","TX","Langtry"
"3289","Champion","PLUM","Allegheny","Prunus alleghaniensis","1991","37","37","24","80","VA","Craig County"
"5987","Champion","PLUM","American","Prunus americana","2017","84","25","38","119","ME","Cape Elizabeth"
"4908","Co-Champion","PLUM","Chickasaw","Prunus angustifolia","2011","36","23","26","66","VA","Southampton County"
"6157","Co-Champion","PLUM","Chickasaw","Prunus angustifolia","2018","43","20","25","69","FL","Alachua"
"5877","Champion","PLUM","Hortulan","Prunus hortulana","2017","37","30","35","76","MO","Columbia Missouri"
"5741","Champion","PLUM","Indian","Oemleria cerasiformis","2016","20","26","18","51","OR","Marion County"
"3297","Champion","PLUM","Klamath","Prunus subcordata","1972","49","21","18","75","OR","Klamath"
"6110","Champion","PLUM","Mexican","Prunus mexicana","2017","91","22","39","123","TX","Harris County"
"3299","Champion","PLUM","Wildgoose","Prunus munsoniana","2003","30","31","28","68","TX","Dallas"
"3300","Champion","POINCIANA","Royal","Delonix regia","1972","182","80","66","279","FL","Hendry"
"4869","Co-Champion","POISON-SUMAC","","Toxicodendron vernix","2011","18","30","32","56","CT","Hartford"
"4414","Co-Champion","POISON-SUMAC","","Toxicodendron vernix","2009","35","18","17","57","MI","Berrien"
"3303","Champion","POISONTREE","Florida","Metopium toxiferum","1986","80","43","27","130","FL","Monroe"
"4514","Champion","POND-APPLE","","Annona glabra","2009","130","41","40","181","FL","Palm Beach"
"5384","Champion","PONDCYPRESS","","Taxodium ascendens","2014","244.8","95","80.5","360","FL","Lake"
"5104","Champion","POPLAR","Balsam","Populus balsamifera","2012","252","148","82","421","WA","Sequim"
"5559","Champion","POPLAR","White","Populus alba","2014","301","92","86","415","MT","Gallatin"
"3309","Champion","PORT-ORFORD-CEDAR","","Chamaecyparis lawsoniana","1968","522","242","35","773","OR","Coos"
"5563","Champion","POSSUMHAW","","Ilex decidua","2014","39","40","45","90","NC","Pitt County"
"5261","Champion","PRICKLY-ASH","Biscayne","Zanthoxylum coriaceum","2013","9","10","10","22","MO","Fulton"
"5344","Champion","PRICKLY-ASH","Common","Zanthoxylum americanum","2013","11","20","12","34","NY","Wyoming County"
"3312","Champion","PRICKLY-ASH","Lime","Zanthoxylum fagara","1988","69","18","34","96","FL","Lee"
"5367","Champion","PRINCEWOOD","Caribbean","Exostema caribaeum","2013","24","30","18","59","FL","Monroe"
"3314","Champion","PRIVET","California","Ligustrum ovalifolium","1999","96","30","39","136","VA","Roanoke"
"4672","Champion","PRIVET","Chinese","Ligustrum sinense","2010","78","28","33","114","VA","Chesapeake"
"4847","Champion","PRIVET","Japanese","Ligustrum japonicum","2011","42","60","28","109","TX","Houston"
"3318","Champion","REDBUD","California","Cercis occidentalis","1980","71","45","38","126","CA","Sonoma"
"6299","Co-Champion","REDBUD","Eastern","Cercis canadensis","","132","30","39","172","VA","Fairfax"
"6038","Co-Champion","REDBUD","Eastern","Cercis canadensis","2017","135","30","48","177","VA","Loudoun County"
"3321","Champion","REDCEDAR","Eastern","Juniperus virginiana","1989","251","56","88","329","GA","Coffee"
"3322","Champion","REDCEDAR","Southern","Juniperus virginiana var. silicicola","1995","208","77","56","299","FL","Alachua"
"6204","Champion","REDCEDAR","Western","Thuja plicata","1977","746","163.67","48","922","WA",""
"3324","Champion","REDSHANK","","Adenostoma sparsifolium","1977","48","23","26","78","CA","Warner Springs"
"3326","Champion","REDWOOD","Coast","Sequoia sempervirens","1998","950","321","75","1290","CA","Jedediah Smith Redwoods SP"
"6097","Champion","REDWOOD","Dawn","Metesequoia glyptostroboides","2017","212","112","60","339","NJ",""
"6293","Champion","RHODODENDRON","Pacific","Rhododendron macrophyllum","2018","35","40","27","82","CA",""
"4994","Champion","RHODODENDRON","Rosebay","Rhododendron maximum","2011","48","18","26","73","NC","Transylvania"
"5895","Champion","ROSEMALLOW","Brackenridge","Hibiscus  brackenridgei","2017","29","16","15.5","49","HI","Wahiawa, Oahu"
"5703","Champion","ROSEMALLOW","White","Hibiscus arnottianus","2015","34.54","33","27","74","HI","Oahu"
"5140","Champion","ROYALPALM","Florida","Roystonea regia","2012","76","82","14","162","FL","Collier"
"3335","Champion","SAGEBRUSH","Big","Artemisia tridentata","1995","32","16","18","53","OR","Jefferson"
"4572","Co-Champion","SAGUARO","","Carnegiea gigantea","2009","83","54","15","141","AZ","Pinal"
"5537","Co-Champion","SAGUARO","","Carnegiea gigantea","2014","119","30","9","151","AZ","Mesa"
"3343","Champion","SASSAFRAS","","Sassafras albidum","1954","283","62","51","358","KY","Daviess"
"4055","Champion","SATINWOOD","West Indian","Zanthoxylum flavum","2007","60","21","23.5","87","FL","Monroe"
"5105","Champion","SAW-PALMETTO","","Serenoa repens","1986","25","17","10.5","45","FL","St. Lucie"
"3349","Champion","SCARLETBUSH","","Hamelia patens","2005","23","13","21","41","FL","Brevard"
"3351","Champion","SEQUOIA","Giant","Sequoiadendron giganteum","1940","1020","274","107","1321","CA","Sequoia NP"
"6297","Champion","SERVICEBERRY","Allegheny","Amelanchier laevis","","108","41","50","162","VA","Floyd County"
"4400","Champion","SERVICEBERRY","Downy","Amelanchier arborea","2009","134","34","52","181","CT","Hartford"
"5826","Champion","SERVICEBERRY","Roundleaf","Amelanchier sanguinea","2016","59","46","41","115","VT","Clarendon"
"3355","Champion","SERVICEBERRY","Utah","Amelanchier utahensis","2005","14","21","25","41","AZ","Coconino NF"
"5317","Champion","SERVICEBERRY","Western","Amelanchier alnifolia","2013","37","44","25","87","OR","Clackamas"
"5445","Champion","SEVEN-YEAR-APPLE","","Casasia clusiifolia","2014","13","25","12","41","FL","Miami-Dade"
"5530","Champion","SILKTASSEL","Wavyleaf","Garrya elliptica","2013","49","22","18","76","OR","Curry"
"4125","Champion","SILKTASSEL","Wright","Garrya wrightii","2007","38","17","19","60","AZ","Coconino NF"
"4564","Champion","SILKTREE","Mimosa","Albizia julibrissin","2009","165","59","103","250","VA","Virginia Beach City"
"5782","Champion","SILVERBELL","Carolina","Halesia carolina","2016","99","118","52.5","230","TN",""
"6043","Champion","SILVERBELL","Mountain","Halesia tetraptera","2017","86","48","34","143","VA","Goochland County"
"4942","Co-Champion","SILVERBELL","Two-Wing","Halesia diptera","2011","62","67","36","138","NC","Buncombe"
"4855","Co-Champion","SILVERBELL","Two-Wing","Halesia diptera","2011","66","62","46","140","NJ","Middlesex"
"5043","Champion","SMOKETREE","American","Cotinus obovatus","2012","150","33","47","195","CT","Windham"
"4625","Champion","SNOWBELL","American","Styrax americanus","2009","11","21","21","37","VA","Isle of Wight County"
"4661","Champion","SNOWBELL","Bigleaf","Styrax grandifolius","2009","20","17","26","44","VA","Suffolk City"
"5866","Champion","SOAPBERRY","Lonomea","Sapindus oahuensis","2017","56.4","60","27","123","HI","Pahole Gulch, Oahu"
"4061","Champion","SOAPBERRY","Western","Sapindus saponaria var. drummondii","2007","190","40","53","243","KS","Olathe"
"6010","Champion","SOAPBERRY","Wingleaf","Sapindus saponaria","2017","160.5","71","68","249","HI","Hawaii Volcanoes National Park"
"4439","Champion","SOLDIERWOOD","","Colubrina elliptica","2009","41","27","17.5","72","FL","Monroe"
"5644","Champion","SOPHORA","Mamani","Sophora chrysophylla","2015","295.16","24","45","330","HI","Mauna Kea Forest Reserve"
"5185","Co-Champion","SOPHORA","Mescalbean","Sophora secundiflora","2012","58","40","16","102","TX","New Braunfels"
"4390","Co-Champion","SOPHORA","Mescalbean","Sophora secundiflora","2009","61","39","22","106","TX","San Antonio"
"3376","Champion","SOURWOOD","","Oxydendrum arboreum","1998","130","74","47","216","VA","Amelia County"
"3969","Co-Champion","SPARKLEBERRY","Tree","Vaccinium arboreum","2007","62","22","32","92","TX","Houston County"
"4446","Co-Champion","SPARKLEBERRY","Tree","Vaccinium arboreum","2009","55","28","40","93","FL","Walton"
"5864","Champion","SPICEBUSH","","Lindera benzoin","2017","27","17","23","50","MD","Little Bennett Regional Park"
"4739","Champion","SPRUCE","Black","Picea mariana","2010","75","76","37","160","ME","Hancock"
"5452","Co-Champion","SPRUCE","Blue","Picea pungens","2014","152","154","37","315","CO","Sawpit"
"5735","Co-Champion","SPRUCE","Blue","Picea pungens","2016","137","180.58","23.25","323","CO","Hermosa Creek"
"3383","Co-Champion","SPRUCE","Blue","Picea pungens","1991","192","122","35","323","UT","Ashley NF"
"4966","Champion","SPRUCE","Brewer","Picea breweriana","2011","271","142","44","424","CA","Shasta-Trinity National Forest"
"5624","Champion","SPRUCE","Engelmann","Picea engelmannii","1969","260","127","27","394","OR","Linn"
"5574","Champion","SPRUCE","Norway","Picea abies","2014","218","124","59","357","CT","Salisbury, CT"
"3954","Champion","SPRUCE","Red","Picea rubens","2007","152","147","24","305","NC","Great Smoky Mountains NP"
"5667","Champion","SPRUCE","Serbian","Picea omorika","2015","57","64","21","126","OH","Plain City"
"3390","Champion","SPRUCE","Sitka","Picea sitchensis","1987","740","191","80","951","WA","Olympic NP"
"4804","Champion","SPRUCE","White","Picea glauca","2011","191","91","20","287","MT","Lincoln"
"5305","Champion","STEWARTIA","Mountain","Stewartia ovata","2013","18","33","24","57","NC","Clay"
"5663","Champion","STEWARTIA","Virginia","Stewartia malacodendron","2015","26","19","34","54","NC","Gates"
"5116","Champion","STOPPER","Boxleaf","Eugenia foetida","2012","24","23","12","50","FL","Miami-Dade"
"3396","Champion","STOPPER","Red","Eugenia rhombea","1999","19","26","9","47","FL","Monroe"
"5441","Champion","STOPPER","Redberry","Eugenia confusa","2014","53","57","18","115","FL","Miami-Dade"
"6079","Champion","STOPPER","Twinberry","Myrcianthes fragrans","2013","43","27","16","74","FL","Broward"
"5115","Champion","STOPPER","White","Eugenia axillaris","2012","48","34","29","89","FL","Miami-Dade"
"3401","Champion","STRONGBACK","Bahama","Bourreria succulenta","1999","34","30","21","69","FL","Monroe"
"4449","Champion","SUGARBERRY","","Celtis laevigata","2009","259","85","76","363","FL","Hamilton"
"3404","Co-Champion","SUMAC","Evergreen","Rhus virens","2005","34","16","17","54","TX","New Braunfels"
"4786","Co-Champion","SUMAC","Evergreen","Rhus virens","2011","27","21","26","55","TX","Travis County"
"5232","Champion","SUMAC","Lemonade","Rhus integrifolia","2013","55","16","51","84","CA","Chula Vista"
"3855","Champion","SUMAC","Littleleaf","Rhus microphylla","2007","13","14","20","32","AZ","Graham"
"4109","Champion","SUMAC","Mearns","Rhus virens var. choriophylla","2007","21","20","16","45","AZ","Coronado NF"
"5888","Champion","SUMAC","Nenelau","Rhus sandwicensis","2017","20","19","26","46","HI","Hawai699;i"
"5786","Champion","SUMAC","Prairie","Rhus lanceolata","2016","38","30","21.42","73","TX","Gillespie County"
"5095","Champion","SUMAC","Shining","Rhus copallinum","2000","48","35","28","90","MS","Pontotoc"
"6258","Champion","SUMAC","Smooth","Rhus glabra","","26","35.42","29.5","69","WA",""
"5767","Co-Champion","SUMAC","Staghorn","Rhus typhina","2016","44","18.92","26","69","MT","Ravalli"
"5814","Co-Champion","SUMAC","Staghorn","Rhus typhina","2016","27","39","20","71","NY","Blenheim"
"5046","Co-Champion","SUMAC","Sugar","Rhus ovata","2012","74","28","35","111","AZ","Phoenix"
"3411","Co-Champion","SUMAC","Sugar","Rhus ovata","1995","71","34","36","114","AZ","Tonto NF"
"5483","Champion","SWAMP-PRIVET","Eastern","Forestiera acuminata","2012","32","41","36.42","82","TX","Red River County"
"6049","Champion","SWEETGUM","","Liquidambar styraciflua","2017","197","140","89","359","VA","Southampton County"
"3414","Champion","SWEETLEAF","Common","Symplocos tinctoria","1986","46","48","32","102","VA","Chesapeake City"
"3949","Champion","SYCAMORE","American","Platanus occidentalis","2007","432","124","88","578","OH","Ashland"
"5007","Champion","SYCAMORE","Arizona","Platanus wrightii","2011","424","54","102","504","AZ","Coconino NF"
"5158","Champion","SYCAMORE","California","Platanus racemosa","2012","626","94","95.5","744","CA","Santa Barbara"
"5967","Champion","SYZYGIUM","'Ohi'a ha","Syzygium sandwicense","2017","82","27","23","115","HI","Aiea Ridge Trail"
"5845","Champion","SYZYGIUM","Malaysian apple","Syzygium malaccense","2017","30","42","28","79","HI","Lawa'i, Kaua'i"
"4827","Champion","TALLOWTREE","","Triadica sebifera","2011","159","55","57.5","228","TX","Houston"
"5847","Champion","TAMARACK","","Larix laricina","2017","150","67","69","234","MN","Brainerd"
"3421","Champion","TAMARIND","","Tamarindus indica","1986","184","56","82","261","FL","Monroe"
"5048","Champion","TAMARISK","Small-flower","Tamarix paryiflora","2004","80","24","32","112","OR","Multnomah"
"3424","Champion","TANOAK","","Lithocarpus densiflorus","1997","303","135","63","454","OR","Curry"
"5431","Co-Champion","THATCHPALM","Florida","Thrinax radiata","2014","9","37","5.5","47","FL","Monroe"
"5122","Co-Champion","THATCHPALM","Florida","Thrinax radiata","2012","16","33","8","51","FL","Miami-Dade"
"3427","Co-Champion","THATCHPALM","Florida","Thrinax radiata","1991","17","35","8","54","FL","Broward"
"3428","Champion","THATCHPALM","Key","Thrinax morrisii","1996","20","24","8","46","FL","Miami-Dade"
"4964","Co-Champion","TORCHWOOD","Torchwood","Amyris elemifera","1986","22","26","19","53","FL","Monroe"
"4437","Co-Champion","TORCHWOOD","Torchwood","Amyris elemifera","2009","22","30","16","56","FL","Monroe"
"5476","Champion","TORREYA","California","Torreya californica","2014","133","105","60","253","CA","Big Basin State Park"
"4231","Co-Champion","TOYON","","Heteromeles arbutifolia","2008","46","40","35","95","CA","Orange"
"3432","Co-Champion","TOYON","","Heteromeles arbutifolia","1993","58","32","28","97","CA","Santa Barbara County"
"3845","Champion","TREE TOBACCO","","Nicotiana glauca","2007","18","20","16","42","AZ","Tonto NF"
"5151","Champion","TREMA","West Indies","Trema lamarckiana","2012","18","29","17","51","FL","Miami-Dade"
"3439","Champion","TUPELO","Black","Nyssa sylvatica","2001","247","78","95","349","TX","Wood County"
"5236","Champion","TUPELO","Ogeechee","Nyssa ogeche","2013","173","95","63","284","FL","Wakulla"
"5396","Champion","TUPELO","Swamp","Nyssa biflora","2013","206","116","54","336","VA","City of Chesapeake"
"4540","Champion","TUPELO","Water","Nyssa aquatica","2009","463","108","53","584","VA","Greensville County"
"6109","Champion","VAUQUELINIA","Slimleaf rosewood","Vauquelinia corymbosa","2017","30","23","18.5","58","TX","Upton County"
"3445","Champion","VAUQUELINIA","Torrey","Vauquelinia californica","1993","78","47","40","135","AZ","Organ Pipe Cactus NM"
"4442","Champion","VELVETSEED","Elliptic-leaf","Guettarda elliptica","2009","40","35","23.5","81","FL","Monroe"
"6175","Co-Champion","VELVETSEED","Roughleaf","Guettarda scabra","2018","22","27","17.5","53","FL","Miami-Dade"
"3447","Co-Champion","VELVETSEED","Roughleaf","Guettarda scabra","1998","19","33","10","55","FL","Monroe"
"5562","Champion","VIBURNUM","Possumhaw","Viburnum nudum","2014","9","19","18","33","NC","Jackson County"
"3848","Champion","WALNUT","Arizona","Juglans major","2007","215","81","88","318","AZ","Prescott NF"
"3454","Champion","WALNUT","Southern California","Juglans californica","1973","348","80","106","455","CA","Butte"
"4452","Champion","WATER-ELM","","Planera aquatica","2009","219","68","69.5","304","FL","Gilchrist"
"4450","Champion","WATERLOCUST","","Gleditsia aquatica","2009","97","82","48.5","191","FL","Gilchrist"
"4012","Champion","WHITE IRONWOOD","","Hypelate trifoliata","1999","56","37","26","100","FL","Monroe"
"4418","Champion","WHITE-CEDAR","Atlantic","Chamaecyparis thyoides","2009","194","57","26","258","OH","Muskingum"
"4883","Champion","WHITE-CEDAR","Northern","Thuja occidentalis","2011","216","113","42","340","MI","Leelanau"
"6081","Champion","WILD-DILLY","","Manilkara jaimiqui","2016","50","31","47.5","93","FL","Monroe"
"6167","Champion","WILLOW","Black","Salix nigra","2018","315","91","75","425","MN","Marine on St. Croix"
"5747","Champion","WILLOW","Coastal plains","Salix caroliniana","2016","116","36","52.5","165","FL","Alachua"
"5089","Champion","WILLOW","Crack","Salix fragilis","2012","388","55","72","461","MT","Stevensville"
"5789","Champion","WILLOW","Dusky","Salix melanopsis","2016","12","25","9.5","39","OR","Marion County"
"5462","Champion","WILLOW","Feltleaf","Salix alaxensis","2014","79","6.5","21.5","91","MI","Thompson Pass"
"5271","Champion","WILLOW","Florida","Salix floridana","2013","22","26","18","53","FL","Wakulla"
"3851","Champion","WILLOW","Geyer","Salix geyeriana","2007","10","13","14","27","AZ","Fort Apache Indian Reservation"
"5045","Champion","WILLOW","Goodding","Salix gooddingii","2010","351","110","94.75","485","NM","Taos"
"5740","Champion","WILLOW","Greenleaf","Salix lasiandra var. caudata","2016","69","45","39","124","MT","Sweetgrass"
"5643","Champion","WILLOW","Hooker","Salix hookeriana","2015","23","33","38","66","OR","Washington"
"5788","Champion","WILLOW","Mackenzie","Salix mackenzieana","2016","18","27","28","52","OR","Marion County"
"5739","Champion","WILLOW","Northwest","Salix sessilifolia","2016","29","42","21","76","OR","Marion County"
"5361","Champion","WILLOW","Pacific","Salix lucida ssp. lasiandra","2013","101","90","33.5","199","CA","Golden Gate National Recreation Area"
"5899","Co-Champion","WILLOW","Peachleaf","Salix amygdaloides","2017","114","49","34","172","MT","Yellowstone County"
"5534","Co-Champion","WILLOW","Peachleaf","Salix amygdaloides","2014","110","50","64","176","MT","Stillwater"
"5342","Champion","WILLOW","Purple-osier","Salix purpurea","2013","11","22","36","42","NY","Monroe County"
"5781","Champion","WILLOW","Pussy","Salix discolor","2016","120","30","45","161","VA","Page County"
"4878","Champion","WILLOW","Sandbar","Salix interior","2011","34","27","18","66","MI","Berrien"
"5547","Champion","WILLOW","Scouler","Salix scouleriana","2014","162","54","48","228","OR","Columbia"
"5341","Champion","WILLOW","Shining","Salix lucida ssp. lucida","2013","16","26","20","47","NY","Ontario County"
"4865","Champion","WILLOW","Silky","Salix sericea","2011","85","30","26","122","NJ","Morris"
"5556","Champion","WILLOW","Sitka","Salix sitchensis","2014","27","33","29","67","OR","Clackamas"
"4147","Champion","WILLOW","Weeping","Salix babylonica","2007","293","95","93","411","VA","Tazewell County"
"5827","Champion","WILLOW","White","Salix alba","2016","389","67.67","81","477","MI","Sycamore Creek Driving RAnge, Lansing"
"4603","Champion","WILLOW","Yewleaf","Salix taxifolia","2009","103","17","14","124","TX","Presidio County"
"4626","Champion","WINTERBERRY","Common","Ilex verticillata","2009","25","14","11","42","VA","Chesapeake City"
"4168","Champion","WINTERBERRY","Mountain","Ilex montana","2007","30","40","25","76","VA","Giles County"
"6046","Co-Champion","WITCH-HAZEL","","Hamamelis virginiana","2017","31","32","38","73","VA","Smyth County"
"6045","Co-Champion","WITCH-HAZEL","","Hamamelis virginiana","2017","34","34","29","75","VA","Russell County"
"4172","Champion","YELLOW-POPLAR","Tuliptree","Liriodendron tulipifera","2007","390","100","83","511","VA","Chesapeake City"
"4161","Champion","YELLOWWOOD","","Cladrastis kentukea","2008","227","74","78","321","NJ","Morristown"
"3503","Champion","YEW","Florida","Taxus floridana","1986","27","24","22","57","FL","Liberty"
"3505","Champion","YEW","Pacific","Taxus brevifolia","1959","182.5","60","30","250","WA","Gifford Pinchot National Forest"
"4404","Champion","YUCCA","Aloe","Yucca aloifolia","2001","19","14","4","34","GA","Brantley"
"6210","Champion","YUCCA","Beaked","Yucca thompsoniana","2018","50","14","6","66","TX","Brewster County"
"4098","Champion","YUCCA","Faxon","Yucca faxoniana","2007","75","25","12.5","103","TX","Alpine"
"3511","Champion","YUCCA","Moundlilly","Yucca gloriosa","1998","118","32","38","160","CA","Huntington Beach"
"5776","Champion","YUCCA","Soaptree","Yucca elata","2016","33","29","4","63","AZ","Oro Valley"
"5376","Champion","YUCCA","Trecul","Yucca treculeana","2014","26","16","6","44","TX","Live Oak"
"6190","Champion","ZELKOVA","Japanese","Zelkova serrata","2018","227","84","103.5","337","MD","Garrett Park"
